<?xml version="1.0" encoding="UTF-8"?>
<project-private xmlns="http://www.netbeans.org/ns/project-private/1">
    <editor-bookmarks xmlns="http://www.netbeans.org/ns/editor-bookmarks/2" lastBookmarkId="0"/>
    <open-files xmlns="http://www.netbeans.org/ns/projectui-open-files/2">
        <group>
            <file>file:/C:/wamp64_2/www/alquiler1/app/Http/Controllers/CompromisoController.php</file>
            <file>file:/C:/wamp64_2/www/alquiler1/config/database.php</file>
            <file>file:/C:/wamp64_2/www/alquiler1/resources/views/compromiso/create.blade.php</file>
            <file>file:/C:/wamp64_2/www/alquiler1/app/Http/Controllers/ProductoController.php</file>
        </group>
    </open-files>
</project-private>
